Survey,Autonomy,Belonging,Competence,Drained,Encourages,Frustrated,Ideas,Leadership,Listens,Management,Meaning,Needs,Returns,Rewards,Satisfied,Status,Stay,Strong,Understands,Values,Well-being,Volunteer,Staff
baseline,4.411059907834102,4.347926267281106,4.304147465437788,3.2903225806451615,4.1658986175115205,2.672811059907834,4.566820276497696,4.171428571428572,4.138248847926267,4.176497695852534,4.576036866359447,4.364516129032258,4.417050691244239,3.7142857142857144,4.488479262672811,4.3986175115207375,4.543778801843318,5.935483870967742,4.207373271889401,4.1658986175115205,3.8834101382488475,217,0
endline,4.469811320754717,4.406603773584906,4.495283018867925,3.2735849056603774,4.037735849056604,2.4622641509433962,4.60377358490566,4.027358490566037,4.028301886792453,4.2622641509433965,4.6415094339622645,4.45188679245283,4.490566037735849,3.830188679245283,4.452830188679245,4.466981132075472,4.613207547169812,6.10377358490566,4.009433962264151,4.273584905660377,3.9773584905660373,106,0
